student_id,question,score,brief,detailed,summary_bullets,reason,brief_explanation,detailed_explanation,evidence,raw_response,sub_観点1,sub_観点2,sub_definition,sub_examples,sub_logic,sub_significance,sub_instruction plan,sub_questions,sub_創造性と実現可能性,sub_リサイクルの意義伝達,sub_製品作成プロセス詳細,sub_トピック・授業適切性,sub_教育的意義
S001,Q2,5.0,活動内容が具体的で、手順や教材、評価方法まで詳細に記述されている / スキル育成の項目が多岐にわたり、教育的意義が明確に示されている / 創造的なロックパズルと実際の製作活動が組み合わさり、実用性と独創性を兼ね備えている,回答は、ロックパズルを用いた数の構造理解から、実際にロックを設計・製作するまでの一連の流れを明確に示している。各段階での具体的な指示や評価基準が記載され、活動の実用性と独創性が高い。さらに、論理的思考、問題解決、協働、創造性、技術操作といった多様なスキルを詳細に列挙し、教育的意義を具体的に説明しているため、5点の基準を満たす。,活動内容が具体的で、手順や教材、評価方法まで詳細に記述されている • スキル育成の項目が多岐にわたり、教育的意義が明確に示されている • 創造的なロックパズルと実際の製作活動が組み合わさり、実用性と独創性を兼ね備えている,活動内容が具体的で、手順や教材、評価方法まで詳細に記述されている / スキル育成の項目が多岐にわたり、教育的意義が明確に示されている / 創造的なロックパズルと実際の製作活動が組み合わさり、実用性と独創性を兼ね備えている,活動内容が具体的で、手順や教材、評価方法まで詳細に記述されている / スキル育成の項目が多岐にわたり、教育的意義が明確に示されている / 創造的なロックパズルと実際の製作活動が組み合わさり、実用性と独創性を兼ね備えている,回答は、ロックパズルを用いた数の構造理解から、実際にロックを設計・製作するまでの一連の流れを明確に示している。各段階での具体的な指示や評価基準が記載され、活動の実用性と独創性が高い。さらに、論理的思考、問題解決、協働、創造性、技術操作といった多様なスキルを詳細に列挙し、教育的意義を具体的に説明しているため、5点の基準を満たす。,"[{""aspect"": ""活動内容の具体性"", ""quote"": ""Mục tiêu: Củng cố và khắc sâu kiến thức về cấu tạo số có sáu chữ số.""}, {""aspect"": ""活動内容の具体性"", ""quote"": ""Thực hành – Vận dụng I. Tiến trình baì dạy Khởi động: Trò chơi “Đi tìm ẩn số”""}, {""aspect"": ""スキル・能力の育成"", ""quote"": ""Kỹ năng tư duy logic, phân tích dữ kiện và giao tiếp hợp tác nhóm.""}, {""aspect"": ""スキル・能力の育成"", ""quote"": ""Kỹ năng sáng tạo và thiết kế: ... khơi dậy óc sáng tạo và khả năng thể hiện cá nhân trong sản phẩm STEAM.""}]","{
  'score': 5,
  'subscores': {
    '観点1': 5,
    '観点2': 5
  },
  'summary_bullets': [
    '活動内容が具体的で、手順や教材、評価方法まで詳細に記述されている',
    'スキル育成の項目が多岐にわたり、教育的意義が明確に示されている',
    '創造的なロックパズルと実際の製作活動が組み合わさり、実用性と独創性を兼ね備えている'
  ],
  'detailed_explanation': '回答は、ロックパズルを用いた数の構造理解から、実際にロックを設計・製作するまでの一連の流れを明確に示している。各段階での具体的な指示や評価基準が記載され、活動の実用性と独創性が高い。さらに、論理的思考、問題解決、協働、創造性、技術操作といった多様なスキルを詳細に列挙し、教育的意義を具体的に説明しているため、5点の基準を満たす。',
  'evidence': [
    {
      'aspect': '活動内容の具体性',
      'quote': 'Mục tiêu: Củng cố và khắc sâu kiến thức về cấu tạo số có sáu chữ số.'
    },
    {
      'aspect': '活動内容の具体性',
      'quote': 'Thực hành – Vận dụng I. Tiến trình baì dạy Khởi động: Trò chơi “Đi tìm ẩn số”'
    },
    {
      'aspect': 'スキル・能力の育成',
      'quote': 'Kỹ năng tư duy logic, phân tích dữ kiện và giao tiếp hợp tác nhóm.'
    },
    {
      'aspect': 'スキル・能力の育成',
      'quote': 'Kỹ năng sáng tạo và thiết kế: ... khơi dậy óc sáng tạo và khả năng thể hiện cá nhân trong sản phẩm STEAM.'
    }
  ]
}",5.0,5.0,,,,,,,,,,,
S001,Q1,5.0,定義が明確で正確に述べられている / 複数の具体例が詳細に示され、学生への影響が豊富に説明されている / 論理的な構成と一貫性が保たれ、教育的意義が十分に伝わっている,受験者は「体験学習」の定義を「学習者が実際に体験し、実践・探究・反省を通じて学ぶ方法」と明確に示し、定義の正確さを確保した。さらに、学習者の興味・動機付け、批判的思考、協働・コミュニケーションスキルの向上といった具体的な影響を挙げ、科学授業での実際の実験活動を例に詳細に説明した。論理的に定義→影響→具体例という順序で構成され、全体の一貫性が高い。教育的意義として、知識の実践化と記憶の定着を強調し、体験学習の価値を十分に伝えている。これらの点から5点と評価した。,定義が明確で正確に述べられている • 複数の具体例が詳細に示され、学生への影響が豊富に説明されている • 論理的な構成と一貫性が保たれ、教育的意義が十分に伝わっている,定義が明確で正確に述べられている / 複数の具体例が詳細に示され、学生への影響が豊富に説明されている / 論理的な構成と一貫性が保たれ、教育的意義が十分に伝わっている,定義が明確で正確に述べられている / 複数の具体例が詳細に示され、学生への影響が豊富に説明されている / 論理的な構成と一貫性が保たれ、教育的意義が十分に伝わっている,受験者は「体験学習」の定義を「学習者が実際に体験し、実践・探究・反省を通じて学ぶ方法」と明確に示し、定義の正確さを確保した。さらに、学習者の興味・動機付け、批判的思考、協働・コミュニケーションスキルの向上といった具体的な影響を挙げ、科学授業での実際の実験活動を例に詳細に説明した。論理的に定義→影響→具体例という順序で構成され、全体の一貫性が高い。教育的意義として、知識の実践化と記憶の定着を強調し、体験学習の価値を十分に伝えている。これらの点から5点と評価した。,"[{""aspect"": ""definition"", ""quote"": ""Khái niệm “Học tập qua trải nghiệm”: Là một phương pháp""}, {""aspect"": ""examples"", ""quote"": ""Tăng hứng thú và động lực học tập: Khi học sinh""}, {""aspect"": ""logic"", ""quote"": ""Môn Khoa học – Lớp 4 (Bộ sách Chân trời sáng tạo)""}, {""aspect"": ""significance"", ""quote"": ""điều này giúp kiến thức trở nên sống động, dễ hiểu""}]","{
  'score': 5,
  'subscores': {
    'definition': 5,
    'examples': 5,
    'logic': 5,
    'significance': 5
  },
  'summary_bullets': [
    '定義が明確で正確に述べられている',
    '複数の具体例が詳細に示され、学生への影響が豊富に説明されている',
    '論理的な構成と一貫性が保たれ、教育的意義が十分に伝わっている'
  ],
  'detailed_explanation': '受験者は「体験学習」の定義を「学習者が実際に体験し、実践・探究・反省を通じて学ぶ方法」と明確に示し、定義の正確さを確保した。さらに、学習者の興味・動機付け、批判的思考、協働・コミュニケーションスキルの向上といった具体的な影響を挙げ、科学授業での実際の実験活動を例に詳細に説明した。論理的に定義→影響→具体例という順序で構成され、全体の一貫性が高い。教育的意義として、知識の実践化と記憶の定着を強調し、体験学習の価値を十分に伝えている。これらの点から5点と評価した。',
  'evidence': [
    {
      'aspect': 'definition',
      'quote': 'Khái niệm “Học tập qua trải nghiệm”: Là một phương pháp'
    },
    {
      'aspect': 'examples',
      'quote': 'Tăng hứng thú và động lực học tập: Khi học sinh'
    },
    {
      'aspect': 'logic',
      'quote': 'Môn Khoa học – Lớp 4 (Bộ sách Chân trời sáng tạo)'
    },
    {
      'aspect': 'significance',
      'quote': 'điều này giúp kiến thức trở nên sống động, dễ hiểu'
    }
  ]
}",,,5.0,5.0,5.0,5.0,,,,,,,
S001,Q3,5.0,授業計画が詳細で実践的 / 質問が具体的で思考を促す / 材料選定が適切で実用的,受験者の回答は、授業計画が具体的に示され、目的・活動・評価が明確に記述されている。質問は具体的で、学生の思考を誘導し、材料は実際に使えるものが挙げられている。全体として、STEAM教育の実践に即した優れた指導案となっている。,授業計画が詳細で実践的 • 質問が具体的で思考を促す • 材料選定が適切で実用的,授業計画が詳細で実践的 / 質問が具体的で思考を促す / 材料選定が適切で実用的,授業計画が詳細で実践的 / 質問が具体的で思考を促す / 材料選定が適切で実用的,受験者の回答は、授業計画が具体的に示され、目的・活動・評価が明確に記述されている。質問は具体的で、学生の思考を誘導し、材料は実際に使えるものが挙げられている。全体として、STEAM教育の実践に即した優れた指導案となっている。,"[{""aspect"": ""instruction plan"", ""quote"": ""Mục tiêu: Học sinh hiểu nguyên lý giảm va chạm""}, {""aspect"": ""questions"", ""quote"": ""Nếu thả viên phấn từ tầng 2, điều gì?""}, {""aspect"": ""materials"", ""quote"": ""Sử dụng công cụ đơn giản, tạo thiết bị.""}]","{
  'score': 5,
  'subscores': {
    'instruction plan': 5,
    'questions': 5
  },
  'summary_bullets': [
    '授業計画が詳細で実践的',
    '質問が具体的で思考を促す',
    '材料選定が適切で実用的'
  ],
  'detailed_explanation': '受験者の回答は、授業計画が具体的に示され、目的・活動・評価が明確に記述されている。質問は具体的で、学生の思考を誘導し、材料は実際に使えるものが挙げられている。全体として、STEAM教育の実践に即した優れた指導案となっている。',
  'evidence': [
    {
      'aspect': 'instruction plan',
      'quote': 'Mục tiêu: Học sinh hiểu nguyên lý giảm va chạm'
    },
    {
      'aspect': 'questions',
      'quote': 'Nếu thả viên phấn từ tầng 2, điều gì?'
    },
    {
      'aspect': 'materials',
      'quote': 'Sử dụng công cụ đơn giản, tạo thiết bị.'
    }
  ]
}",,,,,,,5.0,5.0,,,,,
S001,Q4,5.0,回答は不安軽減と創造性促進の両方を具体的に示している / 複数の実行可能なサポート手法（例示、質問、試行錯誤、称賛）が網羅されている / 例を直接見せる以外の工夫（ヒントやオープン質問）が明確に提示されている,受験者の回答は、STEAM活動における生徒の不安を和らげつつ創造性を促す具体的かつ実践的な支援方法を豊富に示している。まず、複数の多様な例を用意し、単なる模範ではなくヒントとして位置づけることで、模倣への恐怖を減らし個性を尊重する姿勢を明示している。次に、オープンな質問で生徒のアイデアを引き出し、試行錯誤を奨励することで創造的思考を刺激している。さらに、試作段階で小さな要素を作るよう促し、失敗を恐れずに学習できる環境を整えている。最後に、努力とアイデアを称賛することで自己肯定感を高め、継続的な創造活動へとつなげている。これらの要素はすべて具体的で実行可能であり、例を直接見せる以外の工夫も明確に示されているため、5点の評価に相当する。,回答は不安軽減と創造性促進の両方を具体的に示している • 複数の実行可能なサポート手法（例示、質問、試行錯誤、称賛）が網羅されている • 例を直接見せる以外の工夫（ヒントやオープン質問）が明確に提示されている,回答は不安軽減と創造性促進の両方を具体的に示している / 複数の実行可能なサポート手法（例示、質問、試行錯誤、称賛）が網羅されている / 例を直接見せる以外の工夫（ヒントやオープン質問）が明確に提示されている,回答は不安軽減と創造性促進の両方を具体的に示している / 複数の実行可能なサポート手法（例示、質問、試行錯誤、称賛）が網羅されている / 例を直接見せる以外の工夫（ヒントやオープン質問）が明確に提示されている,受験者の回答は、STEAM活動における生徒の不安を和らげつつ創造性を促す具体的かつ実践的な支援方法を豊富に示している。まず、複数の多様な例を用意し、単なる模範ではなくヒントとして位置づけることで、模倣への恐怖を減らし個性を尊重する姿勢を明示している。次に、オープンな質問で生徒のアイデアを引き出し、試行錯誤を奨励することで創造的思考を刺激している。さらに、試作段階で小さな要素を作るよう促し、失敗を恐れずに学習できる環境を整えている。最後に、努力とアイデアを称賛することで自己肯定感を高め、継続的な創造活動へとつなげている。これらの要素はすべて具体的で実行可能であり、例を直接見せる以外の工夫も明確に示されているため、5点の評価に相当する。,"[{""aspect"": ""具体性"", ""quote"": ""Chuẩn bị nhiều ví dụ đa dạng""}, {""aspect"": ""不安軽減"", ""quote"": ""Gợi ý bằng câu hỏi mở""}, {""aspect"": ""実行可能性"", ""quote"": ""Khuyến khích học sinh thử làm một chi tiết nhỏ trước""}]","{
  ""score"": 5,
  ""subscores"": {
    ""観点1"": 5,
    ""観点2"": 5
  },
  ""summary_bullets"": [
    ""回答は不安軽減と創造性促進の両方を具体的に示している"",
    ""複数の実行可能なサポート手法（例示、質問、試行錯誤、称賛）が網羅されている"",
    ""例を直接見せる以外の工夫（ヒントやオープン質問）が明確に提示されている""
  ],
  ""detailed_explanation"": ""受験者の回答は、STEAM活動における生徒の不安を和らげつつ創造性を促す具体的かつ実践的な支援方法を豊富に示している。まず、複数の多様な例を用意し、単なる模範ではなくヒントとして位置づけることで、模倣への恐怖を減らし個性を尊重する姿勢を明示している。次に、オープンな質問で生徒のアイデアを引き出し、試行錯誤を奨励することで創造的思考を刺激している。さらに、試作段階で小さな要素を作るよう促し、失敗を恐れずに学習できる環境を整えている。最後に、努力とアイデアを称賛することで自己肯定感を高め、継続的な創造活動へとつなげている。これらの要素はすべて具体的で実行可能であり、例を直接見せる以外の工夫も明確に示されているため、5点の評価に相当する。"",
  ""evidence"": [
    {
      ""aspect"": ""具体性"",
      ""quote"": ""Chuẩn bị nhiều ví dụ đa dạng""
    },
    {
      ""aspect"": ""不安軽減"",
      ""quote"": ""Gợi ý bằng câu hỏi mở""
    },
    {
      ""aspect"": ""実行可能性"",
      ""quote"": ""Khuyến khích học sinh thử làm một chi tiết nhỏ trước""
    }
  ]
}",5.0,5.0,,,,,,,,,,,
S001,Q5,5.0,活動は創造的で実現可能性が高く、リサイクルの意義が明確に示されている / 製品作成のプロセスが具体的かつ詳細に記述され、教育的意義も十分に伝わっている / 授業設計は学年・科目に適しており、実践的な学習体験を提供できる,"受験者はリサイクル素材を用いて交通手段や動物の模型を作る創造的な活動を提案し、具体的な材料・手順・完成品の用途を詳細に示している。リサイクルの重要性を「Tái chế, bảo vệ môi trường」と明示し、設計思考や協働スキルを育む教育的意義も明確に示している。授業の構成（導入・探究・実践・発表）が段階的で実践的であり、学年・科目への適合性も想定できる。これらの点から5点と評価する。",活動は創造的で実現可能性が高く、リサイクルの意義が明確に示されている • 製品作成のプロセスが具体的かつ詳細に記述され、教育的意義も十分に伝わっている • 授業設計は学年・科目に適しており、実践的な学習体験を提供できる,活動は創造的で実現可能性が高く、リサイクルの意義が明確に示されている / 製品作成のプロセスが具体的かつ詳細に記述され、教育的意義も十分に伝わっている / 授業設計は学年・科目に適しており、実践的な学習体験を提供できる,活動は創造的で実現可能性が高く、リサイクルの意義が明確に示されている / 製品作成のプロセスが具体的かつ詳細に記述され、教育的意義も十分に伝わっている / 授業設計は学年・科目に適しており、実践的な学習体験を提供できる,"受験者はリサイクル素材を用いて交通手段や動物の模型を作る創造的な活動を提案し、具体的な材料・手順・完成品の用途を詳細に示している。リサイクルの重要性を「Tái chế, bảo vệ môi trường」と明示し、設計思考や協働スキルを育む教育的意義も明確に示している。授業の構成（導入・探究・実践・発表）が段階的で実践的であり、学年・科目への適合性も想定できる。これらの点から5点と評価する。","[{""aspect"": ""創造性と実現可能性"", ""quote"": ""Sáng tạo các mô hình phương tiện giao thông & con vật từ lịch để bàn, bìa tạp chí hoặc thùng carton đã qua sử dụng.""}, {""aspect"": ""リサイクルの意義"", ""quote"": ""Tái chế, bảo vệ môi trường và ứng dụng vật liệu tái sử dụng vào sáng tạo.""}, {""aspect"": ""プロセス詳細"", ""quote"": ""Học sinh sẽ sử dụng giấy bìa cứng, bìa tạp chí, lịch để bàn đã qua sử dụng, thùng giấy carton cũ kết hợp với các vật liệu tái chế khác để thiết kế và lắp ghép mô hình.""}, {""aspect"": ""教育的意義"", ""quote"": ""Nâng cao kỹ năng tư duy thiết kế (Design Thinking). Rèn luyện kỹ năng cắt, dán, lắp ghép mô hình.""}]","{
  ""score"": 5,
  ""subscores"": {
    ""観点1"": 5,
    ""観点2"": 5
  },
  ""summary_bullets"": [
    ""活動は創造的で実現可能性が高く、リサイクルの意義が明確に示されている"",
    ""製品作成のプロセスが具体的かつ詳細に記述され、教育的意義も十分に伝わっている"",
    ""授業設計は学年・科目に適しており、実践的な学習体験を提供できる""
  ],
  ""detailed_explanation"": ""受験者はリサイクル素材を用いて交通手段や動物の模型を作る創造的な活動を提案し、具体的な材料・手順・完成品の用途を詳細に示している。リサイクルの重要性を「Tái chế, bảo vệ môi trường」と明示し、設計思考や協働スキルを育む教育的意義も明確に示している。授業の構成（導入・探究・実践・発表）が段階的で実践的であり、学年・科目への適合性も想定できる。これらの点から5点と評価する。"",
  ""evidence"": [
    {
      ""aspect"": ""創造性と実現可能性"",
      ""quote"": ""Sáng tạo các mô hình phương tiện giao thông & con vật từ lịch để bàn, bìa tạp chí hoặc thùng carton đã qua sử dụng.""
    },
    {
      ""aspect"": ""リサイクルの意義"",
      ""quote"": ""Tái chế, bảo vệ môi trường và ứng dụng vật liệu tái sử dụng vào sáng tạo.""
    },
    {
      ""aspect"": ""プロセス詳細"",
      ""quote"": ""Học sinh sẽ sử dụng giấy bìa cứng, bìa tạp chí, lịch để bàn đã qua sử dụng, thùng giấy carton cũ kết hợp với các vật liệu tái chế khác để thiết kế và lắp ghép mô hình.""
    },
    {
      ""aspect"": ""教育的意義"",
      ""quote"": ""Nâng cao kỹ năng tư duy thiết kế (Design Thinking). Rèn luyện kỹ năng cắt, dán, lắp ghép mô hình.""
    }
  ]
}",5.0,5.0,,,,,,,,,,,
S002,Q1,4.0,定義が明確で正確に説明されている / 具体例が1つだけだが詳細に記述され、影響が具体的に示されている / 論理的で一貫性があるが、複数例が不足しているため4点,回答は「体験学習」を「学生が実際に活動に参加し、観察・実験・問題解決を通じて知識を獲得する方法」と明確に定義している。例として「豆を植えて育てる」活動を挙げ、観察・記録・協働の効果を具体的に示している。論理展開は一貫しており、教育的意義も十分に伝わっている。ただし、例が1つに限定されている点がやや不足と判断し、5点ではなく4点と評価した。,定義が明確で正確に説明されている • 具体例が1つだけだが詳細に記述され、影響が具体的に示されている • 論理的で一貫性があるが、複数例が不足しているため4点,定義が明確で正確に説明されている / 具体例が1つだけだが詳細に記述され、影響が具体的に示されている / 論理的で一貫性があるが、複数例が不足しているため4点,定義が明確で正確に説明されている / 具体例が1つだけだが詳細に記述され、影響が具体的に示されている / 論理的で一貫性があるが、複数例が不足しているため4点,回答は「体験学習」を「学生が実際に活動に参加し、観察・実験・問題解決を通じて知識を獲得する方法」と明確に定義している。例として「豆を植えて育てる」活動を挙げ、観察・記録・協働の効果を具体的に示している。論理展開は一貫しており、教育的意義も十分に伝わっている。ただし、例が1つに限定されている点がやや不足と判断し、5点ではなく4点と評価した。,"[{""aspect"": ""定義"", ""quote"": ""học tập qua trải nghiệm là phương pháp học tập mà học sinh được trực tiếp tham gia vào các hoạt động thực tế""}, {""aspect"": ""例"", ""quote"": ""Học sinh trồng cây từ hạt đậu""}, {""aspect"": ""影響"", ""quote"": ""Các em chủ động quan sát hơn, ghi nhận kết quả tốt hơn""}]","{
  'score': 4,
  'subscores': {
    '観点1': 5,
    '観点2': 4
  },
  'summary_bullets': [
    '定義が明確で正確に説明されている',
    '具体例が1つだけだが詳細に記述され、影響が具体的に示されている',
    '論理的で一貫性があるが、複数例が不足しているため4点'
  ],
  'detailed_explanation': '回答は「体験学習」を「学生が実際に活動に参加し、観察・実験・問題解決を通じて知識を獲得する方法」と明確に定義している。例として「豆を植えて育てる」活動を挙げ、観察・記録・協働の効果を具体的に示している。論理展開は一貫しており、教育的意義も十分に伝わっている。ただし、例が1つに限定されている点がやや不足と判断し、5点ではなく4点と評価した。',
  'evidence': [
    {
      'aspect': '定義',
      'quote': 'học tập qua trải nghiệm là phương pháp học tập mà học sinh được trực tiếp tham gia vào các hoạt động thực tế'
    },
    {
      'aspect': '例',
      'quote': 'Học sinh trồng cây từ hạt đậu'
    },
    {
      'aspect': '影響',
      'quote': 'Các em chủ động quan sát hơn, ghi nhận kết quả tốt hơn'
    }
  ]
}",5.0,4.0,,,,,,,,,,,
S002,Q2,4.0,活動内容が実用的で、授業開始時に行う具体的な流れが明確に示されている / 育成したいスキルが具体的に列挙され、教育的意義もSTEAMの観点から説明されている / 独創性はやや一般的だが、実際の授業で実行可能で効果が期待できる点が評価される,回答は「Chia sẻ cùng Cô」という授業開始時の共有活動を提案し、学生が順番に興味や課題、アイデアを発表する流れを具体的に示している。活動の実用性と簡便さが強調され、実際に授業で実行できる点が高く評価できる。さらに、コミュニケーション、批判的思考、主体性・創造性といったスキルを明確に列挙し、STEAM教育の精神に沿った学習効果を説明している。独創性はやや一般的な共有活動に留まるものの、教育的意義と実践性が十分に示されているため、5点ではなく4点と判断した。,活動内容が実用的で、授業開始時に行う具体的な流れが明確に示されている • 育成したいスキルが具体的に列挙され、教育的意義もSTEAMの観点から説明されている • 独創性はやや一般的だが、実際の授業で実行可能で効果が期待できる点が評価される,活動内容が実用的で、授業開始時に行う具体的な流れが明確に示されている / 育成したいスキルが具体的に列挙され、教育的意義もSTEAMの観点から説明されている / 独創性はやや一般的だが、実際の授業で実行可能で効果が期待できる点が評価される,活動内容が実用的で、授業開始時に行う具体的な流れが明確に示されている / 育成したいスキルが具体的に列挙され、教育的意義もSTEAMの観点から説明されている / 独創性はやや一般的だが、実際の授業で実行可能で効果が期待できる点が評価される,回答は「Chia sẻ cùng Cô」という授業開始時の共有活動を提案し、学生が順番に興味や課題、アイデアを発表する流れを具体的に示している。活動の実用性と簡便さが強調され、実際に授業で実行できる点が高く評価できる。さらに、コミュニケーション、批判的思考、主体性・創造性といったスキルを明確に列挙し、STEAM教育の精神に沿った学習効果を説明している。独創性はやや一般的な共有活動に留まるものの、教育的意義と実践性が十分に示されているため、5点ではなく4点と判断した。,"[{""aspect"": ""活動内容の具体性"", ""quote"": ""Đây là thời gian học sinh tôi rất yêu thích""}, {""aspect"": ""育成スキル"", ""quote"": ""Kỹ năng giao tiếp và biểu đạt ý tưởng: Các em được trình bày suy nghĩ trước tập thể.""}, {""aspect"": ""育成スキル"", ""quote"": ""Tính chủ động và sáng tạo: Khi các em tự nghĩ ra giải pháp để lớp học vui hơn""}, {""aspect"": ""教育的意義"", ""quote"": ""đúng với tinh thần giáo dục STEAM và phát triển năng lực học sinh.""}]","{
  'score': 4,
  'subscores': {
    '観点1': 4,
    '観点2': 4
  },
  'summary_bullets': [
    '活動内容が実用的で、授業開始時に行う具体的な流れが明確に示されている',
    '育成したいスキルが具体的に列挙され、教育的意義もSTEAMの観点から説明されている',
    '独創性はやや一般的だが、実際の授業で実行可能で効果が期待できる点が評価される'
  ],
  'detailed_explanation': '回答は「Chia sẻ cùng Cô」という授業開始時の共有活動を提案し、学生が順番に興味や課題、アイデアを発表する流れを具体的に示している。活動の実用性と簡便さが強調され、実際に授業で実行できる点が高く評価できる。さらに、コミュニケーション、批判的思考、主体性・創造性といったスキルを明確に列挙し、STEAM教育の精神に沿った学習効果を説明している。独創性はやや一般的な共有活動に留まるものの、教育的意義と実践性が十分に示されているため、5点ではなく4点と判断した。',
  'evidence': [
    {
      'aspect': '活動内容の具体性',
      'quote': 'Đây là thời gian học sinh tôi rất yêu thích'
    },
    {
      'aspect': '育成スキル',
      'quote': 'Kỹ năng giao tiếp và biểu đạt ý tưởng: Các em được trình bày suy nghĩ trước tập thể.'
    },
    {
      'aspect': '育成スキル',
      'quote': 'Tính chủ động và sáng tạo: Khi các em tự nghĩ ra giải pháp để lớp học vui hơn'
    },
    {
      'aspect': '教育的意義',
      'quote': 'đúng với tinh thần giáo dục STEAM và phát triển năng lực học sinh.'
    }
  ]
}",4.0,4.0,,,,,,,,,,,
S002,Q3,5.0,指導計画が具体的で実践的 / 質問が具体的で思考を促す / 材料選定が適切で実用的,受験者は授業の流れを明確に示し、グループ活動、ウォームアップ、設計・試作・評価の各段階を具体的に記述している。質問は「なぜ」「どのように」といった具体的な問いで生徒の思考を深め、材料は紙、厚紙、ゴムバンド、吸管など実際に手に入る簡易素材を挙げている。これらはすべてSTEAM教育の実践に即しており、評価基準のすべてを満たしている。,指導計画が具体的で実践的 • 質問が具体的で思考を促す • 材料選定が適切で実用的,指導計画が具体的で実践的 / 質問が具体的で思考を促す / 材料選定が適切で実用的,指導計画が具体的で実践的 / 質問が具体的で思考を促す / 材料選定が適切で実用的,受験者は授業の流れを明確に示し、グループ活動、ウォームアップ、設計・試作・評価の各段階を具体的に記述している。質問は「なぜ」「どのように」といった具体的な問いで生徒の思考を深め、材料は紙、厚紙、ゴムバンド、吸管など実際に手に入る簡易素材を挙げている。これらはすべてSTEAM教育の実践に即しており、評価基準のすべてを満たしている。,"[{""aspect"": ""指導計画"", ""quote"": ""Khởi động và gợi mở vấn đề""}, {""aspect"": ""投げかける質問"", ""quote"": ""Tại sao viên phấn lại dễ vỡ?""}, {""aspect"": ""使用する材料や道具"", ""quote"": ""giấy, bìa cứng, dây thun""}]","{'score': 5, 'subscores': {'観点1': 5, '観点2': 5}, 'summary_bullets': ['指導計画が具体的で実践的', '質問が具体的で思考を促す', '材料選定が適切で実用的'], 'detailed_explanation': '受験者は授業の流れを明確に示し、グループ活動、ウォームアップ、設計・試作・評価の各段階を具体的に記述している。質問は「なぜ」「どのように」といった具体的な問いで生徒の思考を深め、材料は紙、厚紙、ゴムバンド、吸管など実際に手に入る簡易素材を挙げている。これらはすべてSTEAM教育の実践に即しており、評価基準のすべてを満たしている。', 'evidence': [{'aspect': '指導計画', 'quote': 'Khởi động và gợi mở vấn đề'}, {'aspect': '投げかける質問', 'quote': 'Tại sao viên phấn lại dễ vỡ?'}, {'aspect': '使用する材料や道具', 'quote': 'giấy, bìa cứng, dây thun'}]}",5.0,5.0,,,,,,,,,,,
S002,Q4,5.0,回答は不安解消と創造性促進の両方を具体的に示している / 複数の実行可能なサポート手法（例示、試行錯誤、仲間演示、個別称賛）が挙げられている / 例を直接見せる以外の工夫（安全環境、自由な発想の奨励）が明確に示されている,受験者の回答は、まず「例を見せる」ことを提案しつつ、強制せずに個々の創造性を尊重する姿勢を示している。さらに「安全な環境」「試行錯誤の奨励」「多様な例示」「仲間の演示」「個人のアイデアを称賛」など、具体的かつ実行可能なサポート手法を複数挙げている。これらは不安を和らげつつ創造性を促進するという評価基準をすべて満たしており、5点に相当する。,回答は不安解消と創造性促進の両方を具体的に示している • 複数の実行可能なサポート手法（例示、試行錯誤、仲間演示、個別称賛）が挙げられている • 例を直接見せる以外の工夫（安全環境、自由な発想の奨励）が明確に示されている,回答は不安解消と創造性促進の両方を具体的に示している / 複数の実行可能なサポート手法（例示、試行錯誤、仲間演示、個別称賛）が挙げられている / 例を直接見せる以外の工夫（安全環境、自由な発想の奨励）が明確に示されている,回答は不安解消と創造性促進の両方を具体的に示している / 複数の実行可能なサポート手法（例示、試行錯誤、仲間演示、個別称賛）が挙げられている / 例を直接見せる以外の工夫（安全環境、自由な発想の奨励）が明確に示されている,受験者の回答は、まず「例を見せる」ことを提案しつつ、強制せずに個々の創造性を尊重する姿勢を示している。さらに「安全な環境」「試行錯誤の奨励」「多様な例示」「仲間の演示」「個人のアイデアを称賛」など、具体的かつ実行可能なサポート手法を複数挙げている。これらは不安を和らげつつ創造性を促進するという評価基準をすべて満たしており、5点に相当する。,"[{""aspect"": ""不安解消"", ""quote"": ""Đây là một vài ví dụ để các em tham khảo""}, {""aspect"": ""不安解消"", ""quote"": ""Tạo môi trường an toàn và khuyến khích thử sai""}, {""aspect"": ""創造性促進"", ""quote"": ""Đa dạng hóa ví dụ và tài liệu tham khảo""}, {""aspect"": ""創造性促進"", ""quote"": ""Đề cao ý tưởng cá nhân và năng lực biểu đạt""}]","{'score': 5,
 'subscores': {'観点1': 5,
               '観点2': 5},
 'summary_bullets': ['回答は不安解消と創造性促進の両方を具体的に示している',
                     '複数の実行可能なサポート手法（例示、試行錯誤、仲間演示、個別称賛）が挙げられている',
                     '例を直接見せる以外の工夫（安全環境、自由な発想の奨励）が明確に示されている'],
 'detailed_explanation': '受験者の回答は、まず「例を見せる」ことを提案しつつ、強制せずに個々の創造性を尊重する姿勢を示している。さらに「安全な環境」「試行錯誤の奨励」「多様な例示」「仲間の演示」「個人のアイデアを称賛」など、具体的かつ実行可能なサポート手法を複数挙げている。これらは不安を和らげつつ創造性を促進するという評価基準をすべて満たしており、5点に相当する。',
 'evidence': [{'aspect': '不安解消',
               'quote': 'Đây là một vài ví dụ để các em tham khảo'},
              {'aspect': '不安解消',
               'quote': 'Tạo môi trường an toàn và khuyến khích thử sai'},
              {'aspect': '創造性促進',
               'quote': 'Đa dạng hóa ví dụ và tài liệu tham khảo'},
              {'aspect': '創造性促進',
               'quote': 'Đề cao ý tưởng cá nhân và năng lực biểu đạt'}]}",5.0,5.0,,,,,,,,,,,
S002,Q5,5.0,活動は創造的で実現可能、具体的な材料と手順を示している / リサイクルの意義が質問と学習目標で明確に伝わっている / 授業設計は学年・科目に適合し、環境教育と創造性を統合している,受験者は「プラスチックボトルからのペンケース作り」という具体的かつ実行可能なプロジェクトを提示し、材料・手順を詳細に記述している。リサイクルの重要性を問いかけと学習目標で効果的に伝え、学年・科目に適した授業構成を示している。さらに、創造性・問題解決・環境意識の育成と学際的連携を明示しており、評価基準の全項目を満たしている。,活動は創造的で実現可能、具体的な材料と手順を示している • リサイクルの意義が質問と学習目標で明確に伝わっている • 授業設計は学年・科目に適合し、環境教育と創造性を統合している,活動は創造的で実現可能、具体的な材料と手順を示している / リサイクルの意義が質問と学習目標で明確に伝わっている / 授業設計は学年・科目に適合し、環境教育と創造性を統合している,活動は創造的で実現可能、具体的な材料と手順を示している / リサイクルの意義が質問と学習目標で明確に伝わっている / 授業設計は学年・科目に適合し、環境教育と創造性を統合している,受験者は「プラスチックボトルからのペンケース作り」という具体的かつ実行可能なプロジェクトを提示し、材料・手順を詳細に記述している。リサイクルの重要性を問いかけと学習目標で効果的に伝え、学年・科目に適した授業構成を示している。さらに、創造性・問題解決・環境意識の育成と学際的連携を明示しており、評価基準の全項目を満たしている。,"[{""aspect"": ""創造性と実現可能性"", ""quote"": ""Làm hộp bút từ chai nhựa cũ""}, {""aspect"": ""リサイクルの意義伝達"", ""quote"": ""Học sinh hiểu được lợi ích của việc tái sử dụng rác thải nhựa""}, {""aspect"": ""製品作成プロセス詳細"", ""quote"": ""Liệt kê vật liệu: chai nhựa, kéo, băng keo màu, khóa kéo, nút nhựa""}, {""aspect"": ""トピック・授業適切性"", ""quote"": ""Môn học: Tự nhiên và Xã hội (lớp 3) hoặc Khoa học (lớp 4–5)""}, {""aspect"": ""教育的意義"", ""quote"": ""Phát triển tư duy sáng tạo, kỹ năng giải quyết vấn đề và ý thức bảo vệ môi trường""}]","{
  'score': 5,
  'subscores': {
    '創造性と実現可能性': 5,
    'リサイクルの意義伝達': 5,
    '製品作成プロセス詳細': 5,
    'トピック・授業適切性': 5,
    '教育的意義': 5
  },
  'summary_bullets': [
    '活動は創造的で実現可能、具体的な材料と手順を示している',
    'リサイクルの意義が質問と学習目標で明確に伝わっている',
    '授業設計は学年・科目に適合し、環境教育と創造性を統合している'
  ],
  'detailed_explanation': '受験者は「プラスチックボトルからのペンケース作り」という具体的かつ実行可能なプロジェクトを提示し、材料・手順を詳細に記述している。リサイクルの重要性を問いかけと学習目標で効果的に伝え、学年・科目に適した授業構成を示している。さらに、創造性・問題解決・環境意識の育成と学際的連携を明示しており、評価基準の全項目を満たしている。'
  ,
  'evidence': [
    {
      'aspect': '創造性と実現可能性',
      'quote': 'Làm hộp bút từ chai nhựa cũ'
    },
    {
      'aspect': 'リサイクルの意義伝達',
      'quote': 'Học sinh hiểu được lợi ích của việc tái sử dụng rác thải nhựa'
    },
    {
      'aspect': '製品作成プロセス詳細',
      'quote': 'Liệt kê vật liệu: chai nhựa, kéo, băng keo màu, khóa kéo, nút nhựa'
    },
    {
      'aspect': 'トピック・授業適切性',
      'quote': 'Môn học: Tự nhiên và Xã hội (lớp 3) hoặc Khoa học (lớp 4–5)'
    },
    {
      'aspect': '教育的意義',
      'quote': 'Phát triển tư duy sáng tạo, kỹ năng giải quyết vấn đề và ý thức bảo vệ môi trường'
    }
  ]
}",,,,,,,,,5.0,5.0,5.0,5.0,5.0
